State,Starting Colonies,Maximum Colonies,Lost Colonies,Percent Loss,Added Colonies,Renovated Colonies,Percent Renovated,Year
Alabama,7000,7000,1800,26,2800,250,4,2015-Q1
Arizona,35000,35000,4600,13,3400,2100,6,2015-Q1
Arkansas,13000,14000,1500,11,1200,90,1,2015-Q1
California,1440000,1690000,255000,15,250000,124000,7,2015-Q1
Colorado,3500,12500,1500,12,200,140,1,2015-Q1
Connecticut,3900,3900,870,22,290,0,0,2015-Q1
Florida,305000,315000,42000,13,54000,25000,8,2015-Q1
Georgia,104000,105000,14500,14,47000,9500,9,2015-Q1
Hawaii,10500,10500,380,4,3400,760,7,2015-Q1
Idaho,81000,88000,3700,4,2600,8000,9,2015-Q1
Illinois,6000,10500,4200,40,2300,390,4,2015-Q1
Indiana,9000,9500,2100,22,490,120,1,2015-Q1
Iowa,12500,17500,3100,18,1700,270,2,2015-Q1
Kansas,4600,7000,1600,23,450,70,1,2015-Q1
Kentucky,7500,10500,4100,39,250,0,0,2015-Q1
Louisiana,51000,51000,8000,16,3100,6500,13,2015-Q1
Maine,3100,6500,380,6,20,0,0,2015-Q1
Maryland,7500,10000,4100,41,1600,870,9,2015-Q1
Massachusetts,2900,4600,1000,22,260,120,3,2015-Q1
Michigan,16500,60000,11500,19,7500,2400,4,2015-Q1
Minnesota,28000,74000,3700,5,690,530,1,2015-Q1
Mississippi,34000,76000,8500,11,22000,7500,10,2015-Q1
Missouri,12000,13000,2000,15,220,910,7,2015-Q1
Montana,8500,36000,2200,6,1400,1100,3,2015-Q1
Nebraska,10000,31000,2600,8,120,310,1,2015-Q1
New Jersey,6000,9000,1100,12,570,1600,18,2015-Q1
New Mexico,7000,7000,690,10,190,600,9,2015-Q1
New York,27000,30000,6500,22,430,950,3,2015-Q1
North Carolina,24000,26000,7000,27,6000,690,3,2015-Q1
North Dakota,57000,120000,620,1,1800,530,(Z),2015-Q1
Ohio,18000,22000,10500,48,5000,3300,15,2015-Q1
Oklahoma,9500,26000,6000,23,2600,260,1,2015-Q1
Oregon,77000,87000,6500,8,4300,2400,3,2015-Q1
Pennsylvania,14000,21000,6500,31,360,0,0,2015-Q1
South Carolina,17000,17500,2700,15,2700,1400,8,2015-Q1
South Dakota,50000,97000,4600,5,8500,2800,3,2015-Q1
Tennessee,9500,9500,2000,21,1000,190,2,2015-Q1
Texas,191000,250000,26000,10,82000,51000,20,2015-Q1
Utah,6000,24000,3300,14,2500,290,1,2015-Q1
Vermont,5500,5500,700,13,1200,20,(Z),2015-Q1
Virginia,8000,9000,2500,28,800,460,5,2015-Q1
Washington,52000,105000,14000,13,13500,9000,9,2015-Q1
West Virginia,4700,6000,1800,30,570,60,1,2015-Q1
Wisconsin,16500,29000,8000,28,3100,2500,9,2015-Q1
Wyoming,5500,12000,2000,17,2000,1400,12,2015-Q1
Other,3410,8990,2080,23,870,150,2,2015-Q1
United States,2824610,(X),500020,18,546980,270530,10,2015-Q1
Alabama,7500,7500,860,12,1900,680,9,2015-Q2
Arizona,33000,33000,5500,17,19500,7000,21,2015-Q2
Arkansas,13500,13500,1900,14,11500,5500,41,2015-Q2
California,1040000,1050000,104000,10,170000,285000,27,2015-Q2
Colorado,12000,25000,1900,8,6000,3500,14,2015-Q2
Connecticut,3000,3000,80,3,1100,150,5,2015-Q2
Florida,210000,215000,35000,16,44000,24000,11,2015-Q2
Georgia,114000,124000,23000,19,25000,19000,15,2015-Q2
Hawaii,13500,13500,120,1,1100,1200,9,2015-Q2
Idaho,62000,72000,6500,9,16500,10500,15,2015-Q2
Illinois,9500,9500,1300,14,6000,1500,16,2015-Q2
Indiana,8000,12500,1300,10,4900,4300,34,2015-Q2
Iowa,12500,24000,1400,6,6500,3100,13,2015-Q2
Kansas,6000,7000,670,10,2800,420,6,2015-Q2
Kentucky,7500,8500,980,12,3600,1500,18,2015-Q2
Louisiana,44000,45000,1800,4,6500,8000,18,2015-Q2
Maine,4600,30000,3200,11,3500,700,2,2015-Q2
Maryland,8000,11000,370,3,2600,710,7,2015-Q2
Massachusetts,4100,14000,320,2,940,510,4,2015-Q2
Michigan,58000,88000,9500,11,13500,5500,6,2015-Q2
Minnesota,71000,125000,12500,10,20000,21000,17,2015-Q2
Mississippi,89000,89000,11000,12,5500,10000,11,2015-Q2
Missouri,11500,12500,500,4,1900,1800,14,2015-Q2
Montana,36000,210000,4200,2,14000,33000,16,2015-Q2
Nebraska,29000,68000,4100,6,15500,4600,7,2015-Q2
New Jersey,8500,19000,1800,10,2100,2900,15,2015-Q2
New Mexico,6500,8500,1000,12,1500,330,4,2015-Q2
New York,24000,34000,1100,3,11000,1500,4,2015-Q2
North Carolina,19500,23000,1800,8,5500,3300,14,2015-Q2
North Dakota,121000,450000,29000,6,39000,61000,14,2015-Q2
Ohio,17500,19000,2100,11,10000,6000,32,2015-Q2
Oklahoma,25000,27000,2200,8,5500,2200,8,2015-Q2
Oregon,82000,95000,5500,6,14500,9500,10,2015-Q2
Pennsylvania,15500,19000,1600,8,8500,2600,14,2015-Q2
South Carolina,17500,18500,950,5,1100,2000,11,2015-Q2
South Dakota,100000,290000,21000,7,27000,23000,8,2015-Q2
Tennessee,7500,7500,730,10,3600,920,12,2015-Q2
Texas,305000,315000,33000,11,76000,94000,30,2015-Q2
Utah,24000,27000,3400,13,10000,3900,14,2015-Q2
Vermont,6000,6000,100,2,580,50,1,2015-Q2
Virginia,7500,7500,270,4,2100,430,6,2015-Q2
Washington,105000,127000,5000,4,15000,13000,10,2015-Q2
West Virginia,4700,4700,570,12,2900,590,13,2015-Q2
Wisconsin,25000,65000,4600,7,10000,5500,9,2015-Q2
Wyoming,12000,25000,3200,13,7500,5000,20,2015-Q2
Other,8600,11200,1940,17,4140,1960,18,2015-Q2
United States,2849500,(X),352860,12,661860,692850,24,2015-Q2
Alabama,8500,9000,1400,16,160,260,3,2015-Q3
Arizona,40000,40000,6000,15,4300,15500,39,2015-Q3
Arkansas,23000,30000,9000,30,500,210,1,2015-Q3
California,730000,800000,76000,10,40000,93000,12,2015-Q3
Colorado,29000,30000,4500,15,1400,1400,5,2015-Q3
Connecticut,3700,3700,50,1,190,440,12,2015-Q3
Florida,164000,220000,36000,16,37000,29000,13,2015-Q3
Georgia,108000,110000,13000,12,19500,15500,14,2015-Q3
Hawaii,14500,14500,2700,19,1200,5500,38,2015-Q3
Idaho,80000,128000,14000,11,5500,11500,9,2015-Q3
Illinois,14000,14000,1400,10,1300,1100,8,2015-Q3
Indiana,15000,15000,1600,11,1400,420,3,2015-Q3
Iowa,29000,37000,3000,8,640,680,2,2015-Q3
Kansas,9000,9500,1000,11,100,160,2,2015-Q3
Kentucky,10000,10000,1300,13,170,550,6,2015-Q3
Louisiana,50000,55000,2000,4,2300,1800,3,2015-Q3
Maine,6000,6000,450,8,410,140,2,2015-Q3
Maryland,7000,7500,680,9,730,70,1,2015-Q3
Massachusetts,7500,7500,560,8,290,400,5,2015-Q3
Michigan,89000,89000,7000,8,3300,3800,4,2015-Q3
Minnesota,133000,136000,32000,24,640,2300,2,2015-Q3
Mississippi,23000,34000,3500,10,260,110,(Z),2015-Q3
Missouri,14000,14000,1200,9,700,630,5,2015-Q3
Montana,140000,156000,10500,7,3200,10000,6,2015-Q3
Nebraska,67000,77000,6000,8,500,6000,8,2015-Q3
New Jersey,18500,18500,210,1,190,500,3,2015-Q3
New Mexico,6500,6500,1600,25,1300,650,10,2015-Q3
New York,44000,47000,6500,14,4400,7000,15,2015-Q3
North Carolina,24000,24000,2900,12,2500,1100,5,2015-Q3
North Dakota,460000,500000,93000,19,11000,22000,4,2015-Q3
Ohio,23000,23000,1900,8,2300,880,4,2015-Q3
Oklahoma,19500,22000,230,1,160,190,1,2015-Q3
Oregon,68000,100000,8500,9,8000,21000,21,2015-Q3
Pennsylvania,25000,25000,1800,7,1800,2400,10,2015-Q3
South Carolina,12000,12000,2000,17,880,580,5,2015-Q3
South Dakota,295000,295000,53000,18,2100,13000,4,2015-Q3
Tennessee,10000,10000,1200,12,500,350,4,2015-Q3
Texas,76000,136000,16500,12,5500,4800,4,2015-Q3
Utah,31000,36000,8000,22,1400,2200,6,2015-Q3
Vermont,6000,6500,40,1,30,20,(Z),2015-Q3
Virginia,8000,8000,680,9,520,220,3,2015-Q3
Washington,84000,97000,11500,12,1800,20000,21,2015-Q3
West Virginia,7000,7000,300,4,300,270,4,2015-Q3
Wisconsin,60000,62000,9000,15,1300,4300,7,2015-Q3
Wyoming,29000,35000,2500,7,270,440,1,2015-Q3
Other,12180,12280,900,7,1050,700,6,2015-Q3
United States,3132880,(X),457100,15,172990,303070,10,2015-Q3
Alabama,8000,8000,610,8,80,60,1,2015-Q4
Arizona,36000,39000,12000,31,3000,16000,41,2015-Q4
Arkansas,23000,27000,2400,9,1900,0,0,2015-Q4
California,750000,1260000,149000,12,39000,75000,6,2015-Q4
Colorado,24000,24000,2500,10,3400,0,0,2015-Q4
Connecticut,3200,3200,210,7,40,70,2,2015-Q4
Florida,220000,260000,37000,14,30000,28000,11,2015-Q4
Georgia,110000,121000,18000,15,4400,1900,2,2015-Q4
Hawaii,13000,13000,690,5,2700,760,6,2015-Q4
Idaho,121000,145000,22000,15,5500,5500,4,2015-Q4
Illinois,14000,14000,690,5,0,30,(Z),2015-Q4
Indiana,11500,11500,1100,10,140,0,0,2015-Q4
Iowa,35000,35000,4300,12,40,30,(Z),2015-Q4
Kansas,8500,8500,3400,40,50,20,(Z),2015-Q4
Kentucky,8500,8500,1100,13,20,10,(Z),2015-Q4
Louisiana,55000,71000,4900,7,1100,2400,3,2015-Q4
Maine,4700,4700,60,1,530,20,(Z),2015-Q4
Maryland,7500,9500,730,8,0,0,0,2015-Q4
Massachusetts,4500,4500,260,6,30,30,1,2015-Q4
Michigan,67000,73000,9000,12,210,1600,2,2015-Q4
Minnesota,104000,105000,10000,10,600,40,(Z),2015-Q4
Mississippi,31000,34000,1500,4,500,230,1,2015-Q4
Missouri,13500,13500,690,5,30,40,(Z),2015-Q4
Montana,116000,123000,10000,8,1000,80,(Z),2015-Q4
Nebraska,72000,73000,7000,10,10,5500,8,2015-Q4
New Jersey,8000,8500,270,3,20,10,(Z),2015-Q4
New Mexico,6000,6000,290,5,290,30,1,2015-Q4
New York,45000,45000,4000,9,260,10,(Z),2015-Q4
North Carolina,22000,22000,2200,10,510,70,(Z),2015-Q4
North Dakota,230000,275000,35000,13,2700,9000,3,2015-Q4
Ohio,19000,19000,2400,13,200,140,1,2015-Q4
Oklahoma,5000,10000,650,7,290,60,1,2015-Q4
Oregon,100000,114000,8500,8,200,1400,1,2015-Q4
Pennsylvania,22000,23000,2500,11,1300,6500,28,2015-Q4
South Carolina,10000,17500,2200,13,640,1000,6,2015-Q4
South Dakota,194000,205000,9000,4,2400,0,0,2015-Q4
Tennessee,8500,10000,1100,11,70,420,4,2015-Q4
Texas,125000,250000,25000,10,13000,2000,1,2015-Q4
Utah,28000,28000,1900,7,120,100,(Z),2015-Q4
Vermont,6500,6500,940,15,10,10,(Z),2015-Q4
Virginia,7500,7500,750,10,0,350,5,2015-Q4
Washington,87000,89000,6500,7,330,170,(Z),2015-Q4
West Virginia,7000,7000,610,9,190,140,2,2015-Q4
Wisconsin,48000,48000,6500,14,210,10,(Z),2015-Q4
Wyoming,24000,25000,1300,5,30,0,0,2015-Q4
Other,11360,12560,1630,13,100,50,(Z),2015-Q4
United States,2874760,(X),412380,14,117150,158790,6,2015-Q4
Alabama,7500,7500,1700,23,2100,90,1,2016-Q1
Arizona,30000,30000,4700,16,3500,150,1,2016-Q1
Arkansas,27000,27000,5000,19,5000,1100,4,2016-Q1
California,1130000,1410000,200000,14,210000,139000,10,2016-Q1
Colorado,5000,8500,750,9,1700,10,(Z),2016-Q1
Connecticut,2700,2700,270,10,70,10,(Z),2016-Q1
Florida,275000,295000,40000,14,49000,15500,5,2016-Q1
Georgia,100000,100000,15500,16,36000,3200,3,2016-Q1
Hawaii,15000,15000,280,2,570,530,4,2016-Q1
Idaho,91000,98000,8500,9,5500,3300,3,2016-Q1
Illinois,8500,9500,1400,15,860,40,(Z),2016-Q1
Indiana,6500,6500,770,12,30,0,0,2016-Q1
Iowa,13000,13000,2900,22,90,0,0,2016-Q1
Kansas,5000,5000,1100,22,1400,100,2,2016-Q1
Kentucky,6500,6500,1300,20,390,40,1,2016-Q1
Louisiana,54000,55000,11000,20,9500,2600,5,2016-Q1
Maine,2200,3700,170,5,0,0,0,2016-Q1
Maryland,7500,7500,820,11,1200,10,(Z),2016-Q1
Massachusetts,3000,3000,370,12,1200,140,5,2016-Q1
Michigan,25000,42000,5000,12,2300,80,(Z),2016-Q1
Minnesota,36000,38000,5500,14,6000,0,0,2016-Q1
Mississippi,21000,50000,7500,15,48000,25000,50,2016-Q1
Missouri,10000,10000,1300,13,5500,420,4,2016-Q1
Montana,16500,65000,900,1,24000,0,0,2016-Q1
Nebraska,11000,20000,720,4,510,0,0,2016-Q1
New Jersey,6000,6000,1000,17,80,20,0,2016-Q1
New Mexico,6000,6500,1700,26,1400,30,1,2016-Q1
New York,31000,33000,4200,13,970,600,2,2016-Q1
North Carolina,18500,24000,2600,11,1100,230,1,2016-Q1
North Dakota,89000,137000,8500,6,4600,0,0,2016-Q1
Ohio,16500,16500,2900,18,760,50,(Z),2016-Q1
Oklahoma,13500,13500,3300,24,4800,570,4,2016-Q1
Oregon,68000,92000,2900,3,3800,1300,1,2016-Q1
Pennsylvania,12500,12500,2900,23,480,170,1,2016-Q1
South Carolina,16500,16500,3500,21,3200,380,2,2016-Q1
South Dakota,47000,79000,10500,13,1600,0,0,2016-Q1
Tennessee,9000,9000,1700,19,180,70,1,2016-Q1
Texas,240000,320000,30000,9,126000,49000,15,2016-Q1
Utah,12000,14500,1900,13,1400,50,(Z),2016-Q1
Vermont,5500,5500,410,7,0,0,0,2016-Q1
Virginia,6500,6500,1100,17,560,70,1,2016-Q1
Washington,77000,146000,13500,9,5500,1200,1,2016-Q1
West Virginia,6500,8000,1700,21,0,0,0,2016-Q1
Wisconsin,20000,21000,3100,15,530,0,0,2016-Q1
Wyoming,2700,6500,340,5,440,0,0,2016-Q1
Other,7340,7940,900,11,60,0,0,2016-Q1
United States,2619940,(X),416100,16,571880,245060,9,2016-Q1
Alabama,8000,8000,930,12,1200,690,9,2016-Q2
Arizona,22000,23000,3700,16,14000,1600,7,2016-Q2
Arkansas,24000,24000,3400,14,12000,1600,7,2016-Q2
California,1110000,1150000,108000,9,240000,185000,16,2016-Q2
Colorado,9500,29000,1800,6,9000,680,2,2016-Q2
Connecticut,2500,2500,100,4,390,60,2,2016-Q2
Florida,240000,240000,29000,12,43000,21000,9,2016-Q2
Georgia,108000,111000,11000,10,17500,3600,3,2016-Q2
Hawaii,13500,13500,830,6,870,0,0,2016-Q2
Idaho,60000,80000,6000,8,19000,5500,7,2016-Q2
Illinois,9000,9000,740,8,2200,380,4,2016-Q2
Indiana,4300,7000,220,3,2700,900,13,2016-Q2
Iowa,10500,26000,2400,9,26000,760,3,2016-Q2
Kansas,4700,6000,960,16,3000,900,15,2016-Q2
Kentucky,5500,6000,450,8,2100,270,5,2016-Q2
Louisiana,52000,53000,4300,8,10000,9500,18,2016-Q2
Maine,3600,25000,4200,17,510,560,2,2016-Q2
Maryland,8000,9000,320,4,2800,400,4,2016-Q2
Massachusetts,4200,8500,300,4,1100,440,5,2016-Q2
Michigan,40000,103000,7500,7,13500,3200,3,2016-Q2
Minnesota,27000,126000,13000,10,24000,4200,3,2016-Q2
Mississippi,85000,90000,3700,4,9000,61000,68,2016-Q2
Missouri,12000,12500,770,6,1800,730,6,2016-Q2
Montana,62000,157000,7000,4,25000,13500,9,2016-Q2
Nebraska,19500,43000,6000,14,8000,28000,65,2016-Q2
New Jersey,4200,18000,1500,8,1900,110,1,2016-Q2
New Mexico,6500,6500,1400,22,2700,100,2,2016-Q2
New York,31000,46000,4000,9,13500,1500,3,2016-Q2
North Carolina,23000,24000,1600,7,10000,550,2,2016-Q2
North Dakota,110000,530000,27000,5,23000,95000,18,2016-Q2
Ohio,14000,16500,1700,10,6000,1100,7,2016-Q2
Oklahoma,12000,13000,310,2,4000,10000,77,2016-Q2
Oregon,77000,132000,4300,3,19000,16000,12,2016-Q2
Pennsylvania,11000,14000,1300,9,6500,1100,8,2016-Q2
South Carolina,12500,13500,1300,10,2200,410,3,2016-Q2
South Dakota,51000,182000,11000,6,15000,13000,7,2016-Q2
Tennessee,8000,8000,580,7,3900,200,3,2016-Q2
Texas,340000,350000,36000,10,74000,54000,15,2016-Q2
Utah,14500,25000,4800,19,12000,7000,28,2016-Q2
Vermont,5000,6500,20,(Z),480,30,(Z),2016-Q2
Virginia,6000,6500,230,4,2200,480,7,2016-Q2
Washington,91000,143000,6000,4,21000,11500,8,2016-Q2
West Virginia,7000,7000,990,14,2600,160,2,2016-Q2
Wisconsin,18500,78000,5500,7,17500,3600,5,2016-Q2
Wyoming,6500,27000,2600,10,7500,580,2,2016-Q2
Other,7970,15530,1070,7,3270,270,2,2016-Q2
United States,2801470,(X),329820,12,736920,561160,20,2016-Q2
Alabama,8000,8000,1200,15,440,50,1,2016-Q3
Arizona,30000,32000,6000,19,3200,2600,8,2016-Q3
Arkansas,32000,32000,1500,5,270,60,(Z),2016-Q3
California,740000,820000,82000,10,33000,78000,10,2016-Q3
Colorado,33000,37000,6500,18,1100,740,2,2016-Q3
Connecticut,3100,3100,270,9,890,180,6,2016-Q3
Florida,200000,220000,25000,11,62000,14500,7,2016-Q3
Georgia,102000,103000,13000,13,12500,2300,2,2016-Q3
Hawaii,13500,13500,600,4,430,820,6,2016-Q3
Idaho,79000,131000,13000,10,1900,2800,2,2016-Q3
Illinois,11000,11000,1300,12,850,310,3,2016-Q3
Indiana,9500,9500,600,6,450,550,6,2016-Q3
Iowa,50000,50000,5500,11,10500,2400,5,2016-Q3
Kansas,8000,8000,2600,33,310,190,2,2016-Q3
Kentucky,7500,7500,1000,13,900,230,3,2016-Q3
Louisiana,51000,60000,7000,12,2600,2100,4,2016-Q3
Maine,5500,5500,420,8,240,140,3,2016-Q3
Maryland,7000,7000,200,3,400,20,(Z),2016-Q3
Massachusetts,9500,9500,530,6,450,40,(Z),2016-Q3
Michigan,108000,108000,15000,14,11000,9500,9,2016-Q3
Minnesota,132000,138000,26000,19,1300,1900,1,2016-Q3
Mississippi,19000,20000,3300,17,750,740,4,2016-Q3
Missouri,13500,13500,650,5,480,170,1,2016-Q3
Montana,147000,158000,11500,7,4100,6500,4,2016-Q3
Nebraska,45000,47000,8500,18,390,27000,57,2016-Q3
New Jersey,18000,18000,270,2,120,80,(Z),2016-Q3
New Mexico,6500,6500,1100,17,2000,1000,15,2016-Q3
New York,56000,56000,10000,18,1900,800,1,2016-Q3
North Carolina,25000,25000,1400,6,1400,1200,5,2016-Q3
North Dakota,510000,550000,71000,13,25000,104000,19,2016-Q3
Ohio,21000,21000,1600,8,980,630,3,2016-Q3
Oklahoma,3700,3700,560,15,30,30,1,2016-Q3
Oregon,107000,112000,7500,7,2900,4300,4,2016-Q3
Pennsylvania,19000,22000,1300,6,680,780,4,2016-Q3
South Carolina,13000,13500,920,7,990,50,(Z),2016-Q3
South Dakota,178000,191000,25000,13,4200,9500,5,2016-Q3
Tennessee,10000,10000,950,10,340,290,3,2016-Q3
Texas,129000,143000,12000,8,12500,810,1,2016-Q3
Utah,27000,33000,3200,10,1200,120,(Z),2016-Q3
Vermont,6500,6500,400,6,170,50,1,2016-Q3
Virginia,8000,8000,810,10,460,360,5,2016-Q3
Washington,57000,74000,5000,7,7500,2000,3,2016-Q3
West Virginia,7500,7500,190,3,130,220,3,2016-Q3
Wisconsin,71000,75000,12000,16,880,640,1,2016-Q3
Wyoming,32000,40000,7000,18,1800,1000,3,2016-Q3
Other,11880,11890,1920,16,1690,430,4,2016-Q3
United States,3181180,(X),397290,12,217320,282130,9,2016-Q3
Alabama,7000,7000,610,9,50,10,(Z),2016-Q4
Arizona,29000,31000,6500,21,4600,3100,10,2016-Q4
Arkansas,28000,28000,2500,9,20,10,(Z),2016-Q4
California,770000,1330000,205000,15,40000,35000,3,2016-Q4
Colorado,30000,30000,4500,15,2500,0,0,2016-Q4
Connecticut,3100,3100,240,8,0,0,0,2016-Q4
Florida,255000,300000,41000,14,31000,11500,4,2016-Q4
Georgia,96000,112000,11000,10,12000,450,(Z),2016-Q4
Hawaii,13500,13500,970,7,60,840,6,2016-Q4
Idaho,121000,143000,15500,11,5000,420,(Z),2016-Q4
Illinois,9000,9000,720,8,0,0,0,2016-Q4
Indiana,7500,7500,1200,16,20,0,0,2016-Q4
Iowa,54000,54000,4700,9,0,20,(Z),2016-Q4
Kansas,5000,5000,1300,26,200,0,0,2016-Q4
Kentucky,7500,7500,950,13,60,80,1,2016-Q4
Louisiana,48000,57000,2000,4,250,340,1,2016-Q4
Maine,3500,3500,280,8,0,0,0,2016-Q4
Maryland,7500,9500,500,5,20,30,(Z),2016-Q4
Massachusetts,8000,8000,740,9,0,0,0,2016-Q4
Michigan,101000,101000,12500,12,10,130,(Z),2016-Q4
Minnesota,113000,114000,13500,12,0,0,0,2016-Q4
Mississippi,17500,30000,2400,8,330,60,(Z),2016-Q4
Missouri,9000,9000,590,7,1400,640,7,2016-Q4
Montana,124000,124000,16000,13,2700,0,0,2016-Q4
Nebraska,37000,37000,4300,12,190,0,0,2016-Q4
New Jersey,12000,12000,340,3,400,0,0,2016-Q4
New Mexico,7000,7000,1600,23,1100,20,(Z),2016-Q4
New York,48000,49000,9000,18,240,130,(Z),2016-Q4
North Carolina,25000,25000,5500,22,220,50,(Z),2016-Q4
North Dakota,385000,390000,44000,11,13500,2500,1,2016-Q4
Ohio,19500,19500,2100,11,20,140,1,2016-Q4
Oklahoma,3100,44000,2700,6,120,30,(Z),2016-Q4
Oregon,98000,124000,9500,8,1500,1000,1,2016-Q4
Pennsylvania,21000,21000,3100,15,120,180,1,2016-Q4
South Carolina,12000,17000,1300,8,760,370,2,2016-Q4
South Dakota,146000,146000,11000,8,0,2400,2,2016-Q4
Tennessee,9000,9000,840,9,120,10,(Z),2016-Q4
Texas,136000,310000,39000,13,2200,650,(Z),2016-Q4
Utah,30000,30000,1600,5,440,50,(Z),2016-Q4
Vermont,6500,6500,260,4,20,10,(Z),2016-Q4
Virginia,7000,7000,730,10,230,10,(Z),2016-Q4
Washington,65000,97000,9000,9,3100,130,(Z),2016-Q4
West Virginia,7500,7500,1000,13,80,60,1,2016-Q4
Wisconsin,59000,59000,7500,13,10,20,(Z),2016-Q4
Wyoming,25000,27000,2200,8,50,0,0,2016-Q4
Other,6360,6460,580,9,20,0,0,2016-Q4
United States,3032060,(X),502350,17,124660,60390,2,2016-Q4
Alabama,7000,7000,1600,23,570,740,11,2017-Q1
Arizona,31000,32000,6000,19,2900,0,0,2017-Q1
Arkansas,18000,20000,3500,18,430,230,1,2017-Q1
California,1170000,1470000,195000,13,137000,93000,6,2017-Q1
Colorado,9500,21000,1100,5,100,0,0,2017-Q1
Connecticut,3100,3100,380,12,100,110,4,2017-Q1
Florida,260000,265000,30000,11,78000,34000,13,2017-Q1
Georgia,123000,125000,14000,11,25000,21000,17,2017-Q1
Hawaii,13000,13000,190,1,510,50,(Z),2017-Q1
Idaho,95000,99000,8500,9,2000,280,(Z),2017-Q1
Illinois,11000,11000,2900,26,3100,150,1,2017-Q1
Indiana,7000,7500,1900,25,1700,70,1,2017-Q1
Iowa,10000,15500,3000,19,70,0,0,2017-Q1
Kansas,3800,3800,1000,26,930,380,10,2017-Q1
Kentucky,6500,7000,1300,19,950,430,6,2017-Q1
Louisiana,44000,47000,2700,6,11000,1900,4,2017-Q1
Maine,2700,3100,1000,32,100,0,0,2017-Q1
Maryland,9000,9000,2100,23,770,260,3,2017-Q1
Massachusetts,3300,3300,1500,45,120,110,3,2017-Q1
Michigan,29000,59000,5000,8,600,130,(Z),2017-Q1
Minnesota,27000,41000,3500,9,3300,0,0,2017-Q1
Mississippi,31000,68000,2600,4,23000,7000,10,2017-Q1
Missouri,7000,7500,1200,16,400,10,(Z),2017-Q1
Montana,18500,46000,470,1,3100,6000,13,2017-Q1
Nebraska,7500,13000,750,6,120,0,0,2017-Q1
New Jersey,6000,6000,490,8,10,0,0,2017-Q1
New Mexico,5500,5500,2100,38,3600,0,0,2017-Q1
New York,32000,33000,6000,18,520,0,0,2017-Q1
North Carolina,16000,23000,2500,11,3700,1200,5,2017-Q1
North Dakota,50000,123000,640,1,1100,10,(Z),2017-Q1
Ohio,15500,17500,4400,25,1300,530,3,2017-Q1
Oklahoma,26000,26000,550,2,9500,1700,7,2017-Q1
Oregon,71000,90000,8000,9,7500,1400,2,2017-Q1
Pennsylvania,17000,18000,4000,22,810,390,2,2017-Q1
South Carolina,17000,17500,1600,9,4700,970,6,2017-Q1
South Dakota,21000,48000,2700,6,1500,440,1,2017-Q1
Tennessee,8500,8500,1600,19,1500,160,2,2017-Q1
Texas,275000,340000,49000,14,130000,68000,20,2017-Q1
Utah,16000,19000,2700,14,3900,60,(Z),2017-Q1
Vermont,6500,6500,440,7,0,0,0,2017-Q1
Virginia,8000,8000,1400,18,1900,280,4,2017-Q1
Washington,68000,104000,9000,9,8500,0,0,2017-Q1
West Virginia,5500,8000,800,10,450,100,1,2017-Q1
Wisconsin,17000,22000,4400,20,450,70,(Z),2017-Q1
Wyoming,6500,17000,3600,21,1300,0,0,2017-Q1
Other,6190,6490,1540,24,130,50,1,2017-Q1
United States,2641090,(X),398650,15,478240,241210,9,2017-Q1
Alabama,6500,6500,440,7,1200,500,8,2017-Q2
Arizona,22000,22000,2600,12,12500,3000,14,2017-Q2
Arkansas,17000,24000,1900,8,6000,1300,5,2017-Q2
California,980000,990000,90000,9,160000,220000,22,2017-Q2
Colorado,16500,31000,4500,15,8000,7500,24,2017-Q2
Connecticut,3000,3000,140,5,2200,350,12,2017-Q2
Florida,245000,255000,35000,14,40000,50000,20,2017-Q2
Georgia,130000,137000,12500,9,21000,31000,23,2017-Q2
Hawaii,12000,12000,70,1,3000,920,8,2017-Q2
Idaho,61000,78000,10500,13,22000,31000,40,2017-Q2
Illinois,11500,12000,1200,10,3600,1600,13,2017-Q2
Indiana,7500,11000,1200,11,3000,510,5,2017-Q2
Iowa,12000,23000,2400,10,23000,3900,17,2017-Q2
Kansas,3800,6000,390,7,2500,870,15,2017-Q2
Kentucky,7000,7500,900,12,3100,590,8,2017-Q2
Louisiana,56000,62000,2600,4,4100,8000,13,2017-Q2
Maine,2200,33000,910,3,1100,1400,4,2017-Q2
Maryland,8000,9500,190,2,3400,930,10,2017-Q2
Massachusetts,2500,8000,140,2,1400,490,6,2017-Q2
Michigan,55000,100000,7500,8,20000,13500,14,2017-Q2
Minnesota,32000,128000,12000,9,19000,8500,7,2017-Q2
Mississippi,89000,89000,3800,4,5500,26000,29,2017-Q2
Missouri,6500,7000,270,4,1800,1000,14,2017-Q2
Montana,47000,135000,3700,3,18000,18000,13,2017-Q2
Nebraska,7500,43000,1500,3,7000,27000,63,2017-Q2
New Jersey,5500,21000,430,2,1900,660,3,2017-Q2
New Mexico,7000,7500,1800,24,3300,3900,52,2017-Q2
New York,25000,43000,1300,3,16500,7500,17,2017-Q2
North Carolina,24000,25000,3000,12,5000,2700,11,2017-Q2
North Dakota,115000,450000,16000,4,31000,41000,9,2017-Q2
Ohio,13500,15000,1100,7,7000,2500,17,2017-Q2
Oklahoma,17000,17000,200,1,4700,1200,7,2017-Q2
Oregon,71000,92000,5000,5,15500,22000,24,2017-Q2
Pennsylvania,15500,17500,540,3,7500,2300,13,2017-Q2
South Carolina,20000,20000,870,4,3000,3700,19,2017-Q2
South Dakota,30000,168000,13000,8,10000,23000,14,2017-Q2
Tennessee,8500,9000,1300,14,2600,1500,17,2017-Q2
Texas,345000,350000,28000,8,43000,148000,42,2017-Q2
Utah,21000,31000,2700,9,12500,10000,32,2017-Q2
Vermont,6000,8000,170,2,390,190,2,2017-Q2
Virginia,8500,9500,1000,11,3100,1100,12,2017-Q2
Washington,75000,111000,7000,6,30000,20000,18,2017-Q2
West Virginia,7500,7500,370,5,4100,2500,33,2017-Q2
Wisconsin,18000,65000,4000,6,13000,6500,10,2017-Q2
Wyoming,15000,30000,1300,4,6000,3500,12,2017-Q2
Other,5650,7160,160,2,870,940,13,2017-Q2
United States,2694150,(X),285590,11,613360,762550,28,2017-Q2
Alabama,7000,9500,900,9,690,530,6,2017-Q3
Arizona,26000,26000,4100,16,5000,3200,12,2017-Q3
Arkansas,29000,29000,6000,21,4400,410,1,2017-Q3
California,590000,670000,67000,10,73000,74000,11,2017-Q3
Colorado,35000,42000,4300,10,2900,6410,15,2017-Q3
Connecticut,3500,3500,130,4,50,20,1,2017-Q3
Florida,176000,180000,39000,22,39000,42000,23,2017-Q3
Georgia,121000,122000,15500,13,19000,23000,19,2017-Q3
Hawaii,15000,15000,1100,7,430,20,(Z),2017-Q3
Idaho,89000,116000,12000,10,9000,16500,14,2017-Q3
Illinois,13000,13000,1100,8,710,1200,9,2017-Q3
Indiana,13000,13000,930,7,420,740,6,2017-Q3
Iowa,40000,43000,2200,5,2100,4000,9,2017-Q3
Kansas,7000,7000,1700,24,1400,1000,14,2017-Q3
Kentucky,9000,9000,1600,18,450,700,8,2017-Q3
Louisiana,64000,64000,13500,21,14500,34000,53,2017-Q3
Maine,5500,6000,400,7,210,290,5,2017-Q3
Maryland,8500,8500,1600,19,1300,600,7,2017-Q3
Massachusetts,9000,9000,760,8,790,460,5,2017-Q3
Michigan,103000,109000,17500,16,4300,11500,11,2017-Q3
Minnesota,136000,136000,20000,15,1900,2200,2,2017-Q3
Mississippi,24000,24000,2900,12,250,230,1,2017-Q3
Missouri,9000,9000,580,6,320,310,3,2017-Q3
Montana,154000,161000,18500,11,3100,23000,14,2017-Q3
Nebraska,46000,47000,3700,8,880,13500,29,2017-Q3
New Jersey,16000,16000,420,3,280,110,1,2017-Q3
New Mexico,8500,8500,2500,29,1800,200,2,2017-Q3
New York,59000,59000,6500,11,3100,9000,15,2017-Q3
North Carolina,26000,27000,3300,12,4100,2900,11,2017-Q3
North Dakota,470000,490000,48000,10,24000,100000,20,2017-Q3
Ohio,23000,23000,1800,8,1100,1800,8,2017-Q3
Oklahoma,4400,4400,510,12,80,270,6,2017-Q3
Oregon,94000,101000,13500,13,7500,28000,28,2017-Q3
Pennsylvania,18500,18500,1500,8,6000,1600,9,2017-Q3
South Carolina,14500,14500,1700,12,640,440,3,2017-Q3
South Dakota,152000,159000,16500,10,6000,7500,5,2017-Q3
Tennessee,10000,10000,1700,17,800,960,10,2017-Q3
Texas,104000,115000,15000,13,21000,7500,7,2017-Q3
Utah,35000,35000,6500,19,5500,3200,9,2017-Q3
Vermont,7500,7500,180,2,520,270,4,2017-Q3
Virginia,11500,11500,1200,10,430,430,4,2017-Q3
Washington,82000,92000,17000,18,5500,10500,11,2017-Q3
West Virginia,9000,9000,930,10,440,1900,21,2017-Q3
Wisconsin,74000,75000,12500,17,6000,9000,12,2017-Q3
Wyoming,35000,36000,5500,15,3100,3500,10,2017-Q3
Other,8100,10000,1070,11,380,650,7,2017-Q3
United States,2994500,(X),394810,13,284370,449550,15,2017-Q3
Alabama,7500,7500,990,13,550,500,7,2017-Q4
Arizona,27000,30000,6500,22,1300,1100,4,2017-Q4
Arkansas,25000,25000,7500,30,2500,440,2,2017-Q4
California,680000,1200000,155000,13,90000,104000,9,2017-Q4
Colorado,34000,34000,7000,21,1500,4000,12,2017-Q4
Connecticut,4000,4000,330,8,190,110,3,2017-Q4
Florida,180000,240000,50000,21,55000,36000,15,2017-Q4
Georgia,125000,145000,21000,14,4300,2200,2,2017-Q4
Hawaii,15000,15000,130,1,970,290,2,2017-Q4
Idaho,113000,164000,9000,5,10000,5000,3,2017-Q4
Illinois,13500,13500,1800,13,140,460,3,2017-Q4
Indiana,11500,11500,1700,15,320,100,1,2017-Q4
Iowa,45000,45000,6500,14,250,3400,8,2017-Q4
Kansas,6500,6500,830,13,140,40,1,2017-Q4
Kentucky,7500,7500,870,12,50,120,2,2017-Q4
Louisiana,58000,60000,2700,5,390,1900,3,2017-Q4
Maine,5500,6000,60,1,220,110,2,2017-Q4
Maryland,8000,10500,1300,12,20,410,4,2017-Q4
Massachusetts,6000,6000,1100,18,120,550,9,2017-Q4
Michigan,88000,88000,11500,13,990,1900,2,2017-Q4
Minnesota,98000,98000,7000,7,1900,450,(Z),2017-Q4
Mississippi,14000,22000,3400,15,280,830,4,2017-Q4
Missouri,9500,9500,820,9,100,230,2,2017-Q4
Montana,115000,121000,13000,11,5500,2900,2,2017-Q4
Nebraska,42000,42000,7500,18,80,50,(Z),2017-Q4
New Jersey,15500,15500,1200,8,330,270,2,2017-Q4
New Mexico,8000,8000,1900,24,1700,0,0,2017-Q4
New York,51000,51000,3900,8,820,460,1,2017-Q4
North Carolina,23000,23000,5000,22,60,290,1,2017-Q4
North Dakota,410000,410000,26000,6,10000,2900,1,2017-Q4
Ohio,18500,18500,2800,15,510,960,5,2017-Q4
Oklahoma,3700,46000,100,(Z),40,0,0,2017-Q4
Oregon,94000,94000,10000,11,70,18500,20,2017-Q4
Pennsylvania,24000,24000,5500,23,2500,1100,5,2017-Q4
South Carolina,12500,15000,2000,13,1300,750,5,2017-Q4
South Dakota,111000,111000,6500,6,0,0,0,2017-Q4
Tennessee,8500,10500,1300,12,230,320,3,2017-Q4
Texas,127000,285000,20000,7,3200,1900,1,2017-Q4
Utah,29000,29000,2000,7,480,70,(Z),2017-Q4
Vermont,6500,6500,470,7,10,10,(Z),2017-Q4
Virginia,9500,9500,1100,12,300,210,2,2017-Q4
Washington,66000,72000,4000,6,2900,14000,19,2017-Q4
West Virginia,8500,8500,1200,14,70,1600,19,2017-Q4
Wisconsin,51000,55000,8500,15,530,3000,5,2017-Q4
Wyoming,28000,29000,3500,12,2500,320,1,2017-Q4
Other,6070,6970,360,5,150,240,3,2017-Q4
United States,2849770,(X),424860,15,204510,213990,8,2017-Q4
Alabama,7500,7500,820,11,1200,1500,20,2018-Q1
Arizona,25000,26000,6000,23,810,230,1,2018-Q1
Arkansas,22000,22000,7500,34,540,810,4,2018-Q1
California,1150000,1540000,215000,14,205000,133000,9,2018-Q1
Colorado,13000,21000,4900,23,1400,190,1,2018-Q1
Connecticut,2900,2900,140,5,220,330,11,2018-Q1
Florida,245000,255000,39000,15,57000,38000,15,2018-Q1
Georgia,134000,139000,25000,18,29000,39000,28,2018-Q1
Hawaii,17000,17000,1600,9,1200,5000,29,2018-Q1
Idaho,164000,168000,22000,13,2500,2600,2,2018-Q1
Illinois,10500,10500,2400,23,1000,630,6,2018-Q1
Indiana,7000,8000,1000,13,300,30,(Z),2018-Q1
Iowa,41000,44000,2100,5,270,110,(Z),2018-Q1
Kansas,3700,3700,950,26,370,410,11,2018-Q1
Kentucky,5500,5500,1200,22,760,20,(Z),2018-Q1
Louisiana,50000,52000,3600,7,4100,320,1,2018-Q1
Maine,1900,1900,410,22,20,30,2,2018-Q1
Maryland,8000,8000,1600,20,400,190,2,2018-Q1
Massachusetts,3700,3700,1000,27,240,290,8,2018-Q1
Michigan,16500,37000,7000,19,4000,3900,11,2018-Q1
Minnesota,39000,62000,3900,6,8000,2900,5,2018-Q1
Mississippi,19000,32000,2000,6,28000,5500,17,2018-Q1
Missouri,8000,8000,1400,18,1400,50,(Z),2018-Q1
Montana,35000,60000,140,(Z),840,0,0,2018-Q1
Nebraska,6500,14000,430,3,0,0,0,2018-Q1
New Jersey,6500,6500,730,11,180,190,3,2018-Q1
New Mexico,7500,7500,3900,52,180,0,0,2018-Q1
New York,26000,26000,3700,14,400,170,1,2018-Q1
North Carolina,18500,18500,4200,23,2400,260,1,2018-Q1
North Dakota,66000,101000,3200,3,2600,10,(Z),2018-Q1
Ohio,12000,14000,4500,32,300,580,4,2018-Q1
Oklahoma,17000,18000,3700,21,890,240,1,2018-Q1
Oregon,81000,89000,4800,5,16500,3900,4,2018-Q1
Pennsylvania,14500,15000,3300,22,1200,670,4,2018-Q1
South Carolina,13500,14500,1800,12,1900,2800,19,2018-Q1
South Dakota,23000,29000,390,1,250,90,(Z),2018-Q1
Tennessee,10000,10000,3400,34,540,470,5,2018-Q1
Texas,205000,290000,32000,11,124000,42000,14,2018-Q1
Utah,7500,17000,620,4,490,50,(Z),2018-Q1
Vermont,5500,5500,810,15,20,0,0,2018-Q1
Virginia,7000,7000,2100,30,540,160,2,2018-Q1
Washington,44000,90000,4600,5,7000,870,1,2018-Q1
West Virginia,4700,8500,2500,29,330,60,1,2018-Q1
Wisconsin,21000,29000,4600,16,2800,1600,6,2018-Q1
Wyoming,5500,9000,220,2,70,0,0,2018-Q1
Other,3820,7020,1870,27,160,40,1,2018-Q1
United States,2635220,(X),438030,17,511320,289200,11,2018-Q1
Alabama,7000,8500,650,8,1700,710,8,2018-Q2
Arizona,19000,19500,2600,13,14000,2100,11,2018-Q2
Arkansas,14500,16000,2000,13,13000,1900,12,2018-Q2
California,1130000,1200000,110000,9,172000,255000,21,2018-Q2
Colorado,16500,27000,3000,11,12500,4700,17,2018-Q2
Connecticut,3600,3600,120,3,340,170,5,2018-Q2
Florida,250000,275000,56000,20,49000,68000,25,2018-Q2
Georgia,131000,137000,18000,13,35000,16000,12,2018-Q2
Hawaii,16500,16500,380,2,330,3100,19,2018-Q2
Idaho,59000,94000,6500,7,14500,29000,31,2018-Q2
Illinois,10000,10500,2300,22,5000,2900,28,2018-Q2
Indiana,8000,9500,1800,19,4000,730,8,2018-Q2
Iowa,45000,47000,4300,9,15500,4800,10,2018-Q2
Kansas,3900,3900,300,8,3500,2100,54,2018-Q2
Kentucky,5500,6000,910,15,1500,560,9,2018-Q2
Louisiana,48000,48000,1400,3,4900,4000,8,2018-Q2
Maine,2200,23000,3100,13,430,790,3,2018-Q2
Maryland,7000,8000,370,5,2400,1200,15,2018-Q2
Massachusetts,3500,8000,260,3,910,350,4,2018-Q2
Michigan,37000,70000,7500,11,23000,8500,12,2018-Q2
Minnesota,69000,116000,8500,7,42000,25000,22,2018-Q2
Mississippi,50000,50000,3400,7,4000,7000,14,2018-Q2
Missouri,7000,7000,390,6,2100,800,11,2018-Q2
Montana,50000,176000,5500,3,17000,22000,13,2018-Q2
Nebraska,10500,46000,2100,5,4000,900,2,2018-Q2
New Jersey,4400,15000,270,2,1300,170,1,2018-Q2
New Mexico,1900,4300,50,1,1700,450,10,2018-Q2
New York,20000,42000,2700,6,11000,2400,6,2018-Q2
North Carolina,16000,17500,2500,14,4100,800,5,2018-Q2
North Dakota,74000,460000,23000,5,23000,64000,14,2018-Q2
Ohio,11000,13000,1500,12,9000,2100,16,2018-Q2
Oklahoma,15500,15500,1700,11,10500,6500,42,2018-Q2
Oregon,41000,107000,3400,3,17500,24000,22,2018-Q2
Pennsylvania,15500,19500,1100,6,6000,1600,8,2018-Q2
South Carolina,14000,14000,1300,9,2600,4000,29,2018-Q2
South Dakota,10000,169000,17000,10,12500,65000,38,2018-Q2
Tennessee,8000,8000,1200,15,3800,1300,16,2018-Q2
Texas,305000,315000,38000,12,79000,71000,23,2018-Q2
Utah,14500,26000,1900,7,9500,4100,16,2018-Q2
Vermont,5500,6500,520,8,2600,140,2,2018-Q2
Virginia,5000,6000,500,8,2600,700,12,2018-Q2
Washington,55000,122000,7500,6,15500,19000,16,2018-Q2
West Virginia,7000,7000,570,8,2300,550,8,2018-Q2
Wisconsin,26000,56000,6500,12,12000,7000,13,2018-Q2
Wyoming,8500,28000,2300,8,5500,2200,8,2018-Q2
Other,4380,8670,380,4,1750,1030,12,2018-Q2
United States,2665880,(X),355270,13,676360,740350,28,2018-Q2
Alabama,8500,8500,1700,20,1600,1300,15,2018-Q3
Arizona,31000,31000,8000,26,3200,3100,10,2018-Q3
Arkansas,29000,29000,2300,8,2600,840,3,2018-Q3
California,590000,700000,73000,10,63000,141000,20,2018-Q3
Colorado,34000,35000,5000,14,1500,5000,14,2018-Q3
Connecticut,3200,3200,130,4,80,310,10,2018-Q3
Florida,197000,220000,30000,14,53000,40000,18,2018-Q3
Georgia,134000,138000,17000,12,27000,33000,24,2018-Q3
Hawaii,16500,16500,1800,11,1700,3000,18,2018-Q3
Idaho,82000,101000,14000,14,15000,21000,21,2018-Q3
Illinois,11000,11000,660,6,700,420,4,2018-Q3
Indiana,11500,11500,990,9,520,1200,10,2018-Q3
Iowa,56000,57000,3600,6,1200,990,2,2018-Q3
Kansas,6000,6000,950,16,300,180,3,2018-Q3
Kentucky,6500,7000,840,12,300,660,9,2018-Q3
Louisiana,53000,53000,1900,4,1600,2300,4,2018-Q3
Maine,12500,12500,890,7,60,170,1,2018-Q3
Maryland,7500,7500,360,5,580,680,9,2018-Q3
Massachusetts,8000,10000,2200,22,850,730,7,2018-Q3
Michigan,88000,88000,8000,9,3000,22000,25,2018-Q3
Minnesota,121000,127000,29000,23,1600,6500,5,2018-Q3
Mississippi,16500,16500,2900,18,110,650,4,2018-Q3
Missouri,10000,10000,540,5,260,410,4,2018-Q3
Montana,145000,153000,18500,12,3100,22000,14,2018-Q3
Nebraska,52000,54000,6500,12,8500,5000,9,2018-Q3
New Jersey,14000,14000,320,2,250,220,2,2018-Q3
New Mexico,6000,7000,1200,17,3800,1000,14,2018-Q3
New York,55000,56000,3900,7,3600,3700,7,2018-Q3
North Carolina,18000,18000,2200,12,2600,2000,11,2018-Q3
North Dakota,455000,490000,59000,12,23000,14500,3,2018-Q3
Ohio,16000,16000,1300,8,1300,2100,13,2018-Q3
Oklahoma,2100,2100,370,18,20,10,(Z),2018-Q3
Oregon,116000,117000,13000,11,3000,49000,42,2018-Q3
Pennsylvania,20000,21000,860,4,2900,2300,11,2018-Q3
South Carolina,9500,11500,1400,12,670,1100,10,2018-Q3
South Dakota,168000,197000,22000,11,8000,6500,3,2018-Q3
Tennessee,9000,9000,900,10,540,1000,11,2018-Q3
Texas,112000,124000,7500,6,7500,9500,8,2018-Q3
Utah,30000,30000,4400,15,970,1400,5,2018-Q3
Vermont,7000,7000,90,1,1200,80,1,2018-Q3
Virginia,7500,7500,610,8,1000,990,13,2018-Q3
Washington,76000,84000,12000,14,7000,3600,4,2018-Q3
West Virginia,7500,8000,520,7,170,1200,15,2018-Q3
Wisconsin,61000,69000,10000,14,2400,3800,6,2018-Q3
Wyoming,33000,34000,3900,11,1800,3900,11,2018-Q3
Other,6490,9990,890,9,480,440,4,2018-Q3
United States,2958790,(X),377120,13,263560,420780,14,2018-Q3
Alabama,6500,6500,830,13,210,1300,20,2018-Q4
Arizona,26000,27000,5000,19,2200,330,1,2018-Q4
Arkansas,30000,31000,6000,19,110,230,1,2018-Q4
California,680000,1200000,170000,14,86000,46000,4,2018-Q4
Colorado,30000,30000,3500,12,370,10,(Z),2018-Q4
Connecticut,3500,3500,220,6,0,60,2,2018-Q4
Florida,240000,290000,43000,15,53000,20000,7,2018-Q4
Georgia,148000,164000,19500,12,6500,49000,30,2018-Q4
Hawaii,16000,16000,940,6,1700,6000,38,2018-Q4
Idaho,99000,159000,15000,9,9000,910,1,2018-Q4
Illinois,12000,12000,1400,12,600,350,3,2018-Q4
Indiana,9000,9000,3300,37,40,1200,13,2018-Q4
Iowa,21000,21000,4200,20,630,80,(Z),2018-Q4
Kansas,5500,5500,1000,18,420,10,(Z),2018-Q4
Kentucky,7000,7000,2000,29,60,430,6,2018-Q4
Louisiana,50000,52000,2600,5,130,200,(Z),2018-Q4
Maine,12000,12000,1400,12,210,880,7,2018-Q4
Maryland,7000,9000,690,8,60,90,1,2018-Q4
Massachusetts,4900,4900,650,13,110,320,7,2018-Q4
Michigan,77000,77000,6000,8,3900,1800,2,2018-Q4
Minnesota,84000,86000,11500,13,2500,590,1,2018-Q4
Mississippi,14500,25000,2000,8,330,50,(Z),2018-Q4
Missouri,10000,10000,880,9,170,150,2,2018-Q4
Montana,98000,102000,5500,5,3100,500,(Z),2018-Q4
Nebraska,45000,45000,5000,11,7000,840,2,2018-Q4
New Jersey,15500,15500,1300,8,30,80,1,2018-Q4
New Mexico,8000,8000,3000,38,50,0,0,2018-Q4
New York,53000,53000,4400,8,1000,1500,3,2018-Q4
North Carolina,16000,16000,2700,17,250,300,2,2018-Q4
North Dakota,430000,435000,29000,7,7500,1500,(Z),2018-Q4
Ohio,15500,15500,2100,14,170,450,3,2018-Q4
Oklahoma,2200,57000,2500,4,60,20,(Z),2018-Q4
Oregon,89000,101000,13000,13,10500,12000,12,2018-Q4
Pennsylvania,21000,21000,4000,19,270,1500,7,2018-Q4
South Carolina,10000,12500,1500,12,770,790,6,2018-Q4
South Dakota,140000,140000,21000,15,2000,430,(Z),2018-Q4
Tennessee,8000,8500,1900,22,30,370,4,2018-Q4
Texas,116000,260000,17000,7,11000,70,(Z),2018-Q4
Utah,27000,27000,3400,13,180,400,1,2018-Q4
Vermont,6500,6500,170,3,10,20,(Z),2018-Q4
Virginia,7000,7000,1100,16,80,1300,19,2018-Q4
Washington,75000,81000,11000,14,5500,1400,2,2018-Q4
West Virginia,7000,7000,1200,17,50,70,1,2018-Q4
Wisconsin,48000,48000,8500,18,1600,530,1,2018-Q4
Wyoming,30000,32000,2700,8,220,0,0,2018-Q4
Other,8370,8670,1150,13,20,500,6,2018-Q4
United States,2868970,(X),444730,16,219640,154560,5,2018-Q4
Alabama,5500,5500,650,12,800,200,4,2019-Q1
Arizona,22000,22000,2500,11,430,90,(Z),2019-Q1
Arkansas,28000,28000,6500,23,20,20,(Z),2019-Q1
California,1140000,1580000,235000,15,83000,86000,5,2019-Q1
Colorado,5000,7500,320,4,0,0,0,2019-Q1
Connecticut,3100,3100,270,9,170,10,(Z),2019-Q1
Florida,300000,315000,46000,15,41000,16500,5,2019-Q1
Georgia,120000,129000,14500,11,19500,8000,6,2019-Q1
Hawaii,16500,16500,390,2,660,3700,22,2019-Q1
Idaho,132000,145000,12500,9,4600,1100,1,2019-Q1
Illinois,9000,9000,2300,26,210,80,1,2019-Q1
Indiana,6000,6000,710,12,440,280,5,2019-Q1
Iowa,7500,11500,1600,14,170,140,1,2019-Q1
Kansas,4500,4500,1500,33,370,110,2,2019-Q1
Kentucky,3700,4400,890,20,60,30,1,2019-Q1
Louisiana,49000,51000,3500,7,9000,16000,31,2019-Q1
Maine,7000,7000,470,7,10,30,(Z),2019-Q1
Maryland,8000,8000,2300,29,30,10,(Z),2019-Q1
Massachusetts,3800,3800,680,18,60,20,1,2019-Q1
Michigan,24000,33000,6500,20,0,0,0,2019-Q1
Minnesota,17000,43000,2200,5,80,470,1,2019-Q1
Mississippi,26000,29000,2400,8,3800,1700,6,2019-Q1
Missouri,8500,8500,1100,13,80,60,1,2019-Q1
Montana,37000,68000,3500,5,1700,1900,3,2019-Q1
Nebraska,13500,16500,2500,15,0,0,0,2019-Q1
New Jersey,6000,6000,310,5,130,60,1,2019-Q1
New Mexico,4800,4800,170,4,0,0,0,2019-Q1
New York,24000,24000,3400,14,110,80,(Z),2019-Q1
North Carolina,10500,14500,1700,12,750,890,6,2019-Q1
North Dakota,92000,102000,1100,1,0,1300,1,2019-Q1
Ohio,10500,12500,3500,28,1700,440,4,2019-Q1
Oklahoma,21000,55000,50,(Z),20,0,0,2019-Q1
Oregon,89000,95000,7500,8,8000,1800,2,2019-Q1
Pennsylvania,15000,15000,2900,19,370,320,2,2019-Q1
South Carolina,12000,13000,690,5,2000,340,3,2019-Q1
South Dakota,18500,18500,1100,6,0,0,0,2019-Q1
Tennessee,6000,7000,1500,21,240,320,5,2019-Q1
Texas,260000,330000,17000,5,61000,35000,11,2019-Q1
Utah,8500,11000,1800,16,900,0,0,2019-Q1
Vermont,6500,6500,260,4,50,(Z),(Z),2019-Q1
Virginia,5500,5500,1100,20,80,110,2,2019-Q1
Washington,51000,75000,7000,9,5500,2200,3,2019-Q1
West Virginia,5000,7000,1300,19,20,60,1,2019-Q1
Wisconsin,16500,17000,3700,22,580,100,1,2019-Q1
Wyoming,6500,9500,250,3,0,0,0,2019-Q1
Other,6070,6070,590,10,70,30,(Z),2019-Q1
United States,2671470,(X),407700,15,247710,179500,7,2019-Q1
Alabama,(NA),(NA),(NA),(NA),(NA),(NA),(NA),2019-Q2
Arizona,(NA),(NA),(NA),(NA),(NA),(NA),(NA),2019-Q2
Arkansas,(NA),(NA),(NA),(NA),(NA),(NA),(NA),2019-Q2
California,(NA),(NA),(NA),(NA),(NA),(NA),(NA),2019-Q2
Colorado,(NA),(NA),(NA),(NA),(NA),(NA),(NA),2019-Q2
Connecticut,(NA),(NA),(NA),(NA),(NA),(NA),(NA),2019-Q2
Florida,(NA),(NA),(NA),(NA),(NA),(NA),(NA),2019-Q2
Georgia,(NA),(NA),(NA),(NA),(NA),(NA),(NA),2019-Q2
Hawaii,(NA),(NA),(NA),(NA),(NA),(NA),(NA),2019-Q2
Idaho,(NA),(NA),(NA),(NA),(NA),(NA),(NA),2019-Q2
Illinois,(NA),(NA),(NA),(NA),(NA),(NA),(NA),2019-Q2
Indiana,(NA),(NA),(NA),(NA),(NA),(NA),(NA),2019-Q2
Iowa,(NA),(NA),(NA),(NA),(NA),(NA),(NA),2019-Q2
Kansas,(NA),(NA),(NA),(NA),(NA),(NA),(NA),2019-Q2
Kentucky,(NA),(NA),(NA),(NA),(NA),(NA),(NA),2019-Q2
Louisiana,(NA),(NA),(NA),(NA),(NA),(NA),(NA),2019-Q2
Maine,(NA),(NA),(NA),(NA),(NA),(NA),(NA),2019-Q2
Maryland,(NA),(NA),(NA),(NA),(NA),(NA),(NA),2019-Q2
Massachusetts,(NA),(NA),(NA),(NA),(NA),(NA),(NA),2019-Q2
Michigan,(NA),(NA),(NA),(NA),(NA),(NA),(NA),2019-Q2
Minnesota,(NA),(NA),(NA),(NA),(NA),(NA),(NA),2019-Q2
Mississippi,(NA),(NA),(NA),(NA),(NA),(NA),(NA),2019-Q2
Missouri,(NA),(NA),(NA),(NA),(NA),(NA),(NA),2019-Q2
Montana,(NA),(NA),(NA),(NA),(NA),(NA),(NA),2019-Q2
Nebraska,(NA),(NA),(NA),(NA),(NA),(NA),(NA),2019-Q2
New Jersey,(NA),(NA),(NA),(NA),(NA),(NA),(NA),2019-Q2
New Mexico,(NA),(NA),(NA),(NA),(NA),(NA),(NA),2019-Q2
New York,(NA),(NA),(NA),(NA),(NA),(NA),(NA),2019-Q2
North Carolina,(NA),(NA),(NA),(NA),(NA),(NA),(NA),2019-Q2
North Dakota,(NA),(NA),(NA),(NA),(NA),(NA),(NA),2019-Q2
Ohio,(NA),(NA),(NA),(NA),(NA),(NA),(NA),2019-Q2
Oklahoma,(NA),(NA),(NA),(NA),(NA),(NA),(NA),2019-Q2
Oregon,(NA),(NA),(NA),(NA),(NA),(NA),(NA),2019-Q2
Pennsylvania,(NA),(NA),(NA),(NA),(NA),(NA),(NA),2019-Q2
South Carolina,(NA),(NA),(NA),(NA),(NA),(NA),(NA),2019-Q2
South Dakota,(NA),(NA),(NA),(NA),(NA),(NA),(NA),2019-Q2
Tennessee,(NA),(NA),(NA),(NA),(NA),(NA),(NA),2019-Q2
Texas,(NA),(NA),(NA),(NA),(NA),(NA),(NA),2019-Q2
Utah,(NA),(NA),(NA),(NA),(NA),(NA),(NA),2019-Q2
Vermont,(NA),(NA),(NA),(NA),(NA),(NA),(NA),2019-Q2
Virginia,(NA),(NA),(NA),(NA),(NA),(NA),(NA),2019-Q2
Washington,(NA),(NA),(NA),(NA),(NA),(NA),(NA),2019-Q2
West Virginia,(NA),(NA),(NA),(NA),(NA),(NA),(NA),2019-Q2
Wisconsin,(NA),(NA),(NA),(NA),(NA),(NA),(NA),2019-Q2
Wyoming,(NA),(NA),(NA),(NA),(NA),(NA),(NA),2019-Q2
Other,(NA),(NA),(NA),(NA),(NA),(NA),(NA),2019-Q2
United States,(NA),(NA),(NA),(NA),(NA),(NA),(NA),2019-Q2
Alabama,7000,7000,990,14,160,330,5,2019-Q3
Arizona,26000,30000,2000,7,5500,3800,13,2019-Q3
Arkansas,20000,21000,2100,10,170,680,3,2019-Q3
California,650000,700000,93000,13,87000,108000,15,2019-Q3
Colorado,33000,36000,9500,26,2200,3400,9,2019-Q3
Connecticut,4400,4400,200,5,70,470,11,2019-Q3
Florida,210000,240000,20000,8,46000,33000,14,2019-Q3
Georgia,116000,118000,13000,11,12000,36000,31,2019-Q3
Hawaii,17000,17000,200,1,200,6000,35,2019-Q3
Idaho,95000,111000,10500,9,8500,12500,11,2019-Q3
Illinois,13500,13500,940,7,460,1300,10,2019-Q3
Indiana,14000,16000,1000,6,2200,1500,9,2019-Q3
Iowa,30000,33000,3400,10,2000,4800,15,2019-Q3
Kansas,7500,7500,1900,25,190,400,5,2019-Q3
Kentucky,8000,8500,850,10,700,430,5,2019-Q3
Louisiana,42000,44000,4100,9,4400,13000,30,2019-Q3
Maine,11500,12000,1100,9,460,3500,29,2019-Q3
Maryland,7500,7500,790,11,720,1200,16,2019-Q3
Massachusetts,13500,13500,1100,8,800,560,4,2019-Q3
Michigan,94000,99000,11000,11,3000,3300,3,2019-Q3
Minnesota,126000,129000,21000,16,5000,2100,2,2019-Q3
Mississippi,23000,23000,2900,13,550,850,4,2019-Q3
Missouri,10500,10500,500,5,260,350,3,2019-Q3
Montana,147000,154000,18500,12,3600,12500,8,2019-Q3
Nebraska,40000,41000,3700,9,680,1400,3,2019-Q3
New Jersey,16000,16000,680,4,650,3100,19,2019-Q3
New Mexico,2400,5500,170,3,1000,550,10,2019-Q3
New York,65000,69000,8500,12,3200,3700,5,2019-Q3
North Carolina,22000,22000,2700,12,1800,5000,23,2019-Q3
North Dakota,530000,530000,81000,15,15000,17500,3,2019-Q3
Ohio,19500,19500,1600,8,2800,3000,15,2019-Q3
Oklahoma,7500,7500,930,12,130,1100,15,2019-Q3
Oregon,83000,118000,8000,7,6000,21000,18,2019-Q3
Pennsylvania,19000,20000,980,5,1800,1900,10,2019-Q3
South Carolina,14500,14500,2200,15,2000,1400,10,2019-Q3
South Dakota,255000,255000,51000,20,1300,8000,3,2019-Q3
Tennessee,14000,14000,4500,32,2200,2200,16,2019-Q3
Texas,126000,133000,11000,8,6500,7000,5,2019-Q3
Utah,24000,29000,2800,10,3500,1700,6,2019-Q3
Vermont,7000,7000,120,2,80,490,7,2019-Q3
Virginia,9000,9000,570,6,350,820,9,2019-Q3
Washington,85000,97000,21000,22,12000,10000,10,2019-Q3
West Virginia,10000,10000,1100,11,200,1100,11,2019-Q3
Wisconsin,63000,63000,6500,10,2400,10000,16,2019-Q3
Wyoming,24000,27000,3000,11,2500,3500,13,2019-Q3
Other,13660,13900,2080,15,320,900,6,2019-Q3
United States,3175960,(X),434700,14,252550,355330,11,2019-Q3
Alabama,6000,6000,660,11,240,70,1,2019-Q4
Arizona,34000,36000,7000,19,300,300,1,2019-Q4
Arkansas,19000,19500,1600,8,430,310,2,2019-Q4
California,700000,1300000,136000,10,160000,37000,3,2019-Q4
Colorado,27000,27000,8000,30,1100,440,2,2019-Q4
Connecticut,3800,4000,300,8,10,50,1,2019-Q4
Florida,270000,300000,30000,10,28000,15000,5,2019-Q4
Georgia,119000,131000,20000,15,10500,10500,8,2019-Q4
Hawaii,17000,17000,1300,8,300,50,(Z),2019-Q4
Idaho,111000,196000,15500,8,1800,1000,1,2019-Q4
Illinois,13000,13000,1700,13,1000,1500,12,2019-Q4
Indiana,17500,17500,1300,7,160,180,1,2019-Q4
Iowa,32000,32000,7500,23,1500,530,2,2019-Q4
Kansas,4800,4900,650,13,190,460,9,2019-Q4
Kentucky,8500,8500,410,5,190,170,2,2019-Q4
Louisiana,41000,46000,2300,5,70,80,(Z),2019-Q4
Maine,11500,11500,770,7,110,40,(Z),2019-Q4
Maryland,6500,8000,1100,14,390,420,5,2019-Q4
Massachusetts,5000,5000,1200,24,60,130,3,2019-Q4
Michigan,84000,84000,6500,8,820,1500,2,2019-Q4
Minnesota,97000,97000,15500,16,3400,60,(Z),2019-Q4
Mississippi,21000,29000,3400,12,350,50,(Z),2019-Q4
Missouri,9000,10000,1500,15,260,10,(Z),2019-Q4
Montana,71000,79000,7000,9,770,4000,5,2019-Q4
Nebraska,37000,38000,2700,7,320,10,(Z),2019-Q4
New Jersey,15500,15500,220,1,60,80,1,2019-Q4
New Mexico,6000,6000,70,1,30,10,(Z),2019-Q4
New York,65000,65000,10000,15,630,510,1,2019-Q4
North Carolina,17500,18000,3200,18,240,770,4,2019-Q4
North Dakota,420000,420000,27000,6,3000,4300,1,2019-Q4
Ohio,19000,19000,2700,14,800,390,2,2019-Q4
Oklahoma,6500,37000,2500,7,460,0,0,2019-Q4
Oregon,115000,130000,15000,12,650,2000,2,2019-Q4
Pennsylvania,21000,21000,3800,18,1600,1100,5,2019-Q4
South Carolina,12500,13500,1900,14,1400,430,3,2019-Q4
South Dakota,189000,189000,7500,4,0,40,(Z),2019-Q4
Tennessee,11000,11000,1300,12,20,70,1,2019-Q4
Texas,129000,240000,17500,7,8000,1700,1,2019-Q4
Utah,30000,32000,4400,14,970,90,(Z),2019-Q4
Vermont,7000,7000,190,3,100,270,4,2019-Q4
Virginia,8000,8000,1200,15,10,190,2,2019-Q4
Washington,89000,93000,12500,13,810,100,(Z),2019-Q4
West Virginia,7500,8000,1500,19,30,1600,20,2019-Q4
Wisconsin,46000,46000,8500,18,1800,3000,7,2019-Q4
Wyoming,27000,28000,3300,12,100,490,2,2019-Q4
Other,11010,11510,1340,12,280,0,0,2019-Q4
United States,3018110,(X),399510,13,233260,91000,3,2019-Q4
Alabama,5500,7000,410,6,1900,780,11,2020-Q1
Arizona,29000,31000,8500,27,3000,120,(Z),2020-Q1
Arkansas,16500,16500,1600,10,1800,30,(Z),2020-Q1
California,1350000,1710000,230000,13,240000,66000,4,2020-Q1
Colorado,4500,13000,670,5,4000,500,4,2020-Q1
Connecticut,3700,3800,330,9,360,0,0,2020-Q1
Florida,295000,305000,30000,10,41000,8000,3,2020-Q1
Georgia,115000,119000,14500,12,41000,22000,18,2020-Q1
Hawaii,16000,16000,1800,11,1300,2200,14,2020-Q1
Idaho,156000,168000,18500,11,4400,920,1,2020-Q1
Illinois,11500,11500,2400,21,2900,160,1,2020-Q1
Indiana,11000,11000,1600,15,1500,420,4,2020-Q1
Iowa,9000,17000,1600,9,6000,420,2,2020-Q1
Kansas,4500,6500,760,12,2000,130,2,2020-Q1
Kentucky,7000,11000,1200,11,1400,120,1,2020-Q1
Louisiana,44000,48000,4800,10,9000,20000,42,2020-Q1
Maine,1300,1300,160,12,460,0,0,2020-Q1
Maryland,7000,7000,1900,27,1900,30,(Z),2020-Q1
Massachusetts,3800,3800,470,12,1100,100,3,2020-Q1
Michigan,60000,60000,7000,12,10000,100,(Z),2020-Q1
Minnesota,21000,58000,920,2,1300,40,(Z),2020-Q1
Mississippi,26000,28000,5000,18,16000,660,2,2020-Q1
Missouri,8500,8500,5500,65,3400,0,0,2020-Q1
Montana,18000,47000,150,(Z),500,0,0,2020-Q1
Nebraska,9000,17000,670,4,70,0,0,2020-Q1
New Jersey,6500,6500,430,7,800,40,1,2020-Q1
New Mexico,6000,6000,40,1,120,0,0,2020-Q1
New York,29000,36000,2500,7,230,370,1,2020-Q1
North Carolina,15000,24000,2500,10,2600,490,2,2020-Q1
North Dakota,53000,82000,7500,9,0,0,0,2020-Q1
Ohio,15500,21000,6000,29,840,1100,5,2020-Q1
Oklahoma,19500,19500,700,4,5000,0,0,2020-Q1
Oregon,97000,108000,4800,4,9000,1700,2,2020-Q1
Pennsylvania,18500,26000,2100,8,370,320,1,2020-Q1
South Carolina,13000,17000,1400,8,2700,1100,6,2020-Q1
South Dakota,20000,20000,1200,6,20,0,0,2020-Q1
Tennessee,8000,14000,2700,19,2200,130,1,2020-Q1
Texas,235000,340000,35000,10,83000,24000,7,2020-Q1
Utah,12000,19000,1100,6,3000,0,0,2020-Q1
Vermont,6500,7000,520,7,500,70,1,2020-Q1
Virginia,6000,7000,1100,16,1600,60,1,2020-Q1
Washington,49000,74000,1500,2,580,150,(Z),2020-Q1
West Virginia,6000,8000,1100,14,600,680,9,2020-Q1
Wisconsin,16000,28000,1900,7,700,370,1,2020-Q1
Wyoming,4000,17000,140,1,450,60,(Z),2020-Q1
Other,7800,7800,440,6,560,20,(Z),2020-Q1
United States,2876100,(X),415110,14,511160,153390,5,2020-Q1
Alabama,8500,8500,4100,48,4700,2600,31,2020-Q2
Arizona,26000,26000,1300,5,14500,4700,18,2020-Q2
Arkansas,17000,17000,1800,11,4900,800,5,2020-Q2
California,1200000,1200000,100000,8,175000,240000,20,2020-Q2
Colorado,16500,27000,2100,8,7000,2800,10,2020-Q2
Connecticut,3900,4300,30,1,1200,450,10,2020-Q2
Florida,310000,310000,40000,13,25000,18500,6,2020-Q2
Georgia,145000,147000,10000,7,18500,20000,14,2020-Q2
Hawaii,15500,15500,0,0,3000,2300,15,2020-Q2
Idaho,48000,81000,18000,22,22000,29000,36,2020-Q2
Illinois,12000,12000,1500,13,4200,1700,14,2020-Q2
Indiana,11000,12000,920,8,4500,1800,15,2020-Q2
Iowa,21000,29000,3600,12,17000,4700,16,2020-Q2
Kansas,7500,8000,680,9,1900,1800,23,2020-Q2
Kentucky,11000,11000,1200,11,4200,3500,32,2020-Q2
Louisiana,53000,53000,1800,3,2300,4700,9,2020-Q2
Maine,1600,22000,700,3,520,110,1,2020-Q2
Maryland,7000,8000,670,8,4400,1700,21,2020-Q2
Massachusetts,4400,13500,630,5,870,540,4,2020-Q2
Michigan,64000,85000,1500,2,11000,10000,12,2020-Q2
Minnesota,59000,126000,13000,10,9000,2600,2,2020-Q2
Mississippi,34000,37000,4500,12,1500,570,2,2020-Q2
Missouri,6500,6500,390,6,2800,1200,18,2020-Q2
Montana,48000,120000,2000,2,18000,16000,13,2020-Q2
Nebraska,16500,41000,1900,5,7000,1100,3,2020-Q2
New Jersey,7000,21000,710,3,1500,650,3,2020-Q2
New Mexico,3100,6000,1000,17,400,40,1,2020-Q2
New York,34000,58000,4000,7,6000,2800,5,2020-Q2
North Carolina,24000,25000,1600,6,6000,1300,5,2020-Q2
North Dakota,67000,415000,20000,5,53000,38000,9,2020-Q2
Ohio,15500,16500,1700,10,9500,3700,22,2020-Q2
Oklahoma,16000,16000,1500,9,6000,3100,19,2020-Q2
Oregon,89000,96000,2500,3,11000,19000,20,2020-Q2
Pennsylvania,24000,28000,930,3,5500,1500,5,2020-Q2
South Carolina,18500,18500,1700,9,2700,2500,14,2020-Q2
South Dakota,9500,220000,4600,2,10000,14500,7,2020-Q2
Tennessee,13500,13500,1200,9,4200,3200,24,2020-Q2
Texas,360000,385000,35000,9,15000,136000,35,2020-Q2
Utah,21000,31000,2800,9,8500,13000,42,2020-Q2
Vermont,7000,7000,200,3,680,110,2,2020-Q2
Virginia,7500,8000,1200,15,4800,1300,16,2020-Q2
Washington,50000,114000,3500,3,5000,3300,3,2020-Q2
West Virginia,7500,7500,570,8,1600,1500,20,2020-Q2
Wisconsin,27000,55000,1700,3,14000,4600,8,2020-Q2
Wyoming,17500,30000,2000,7,4400,2100,7,2020-Q2
Other,6500,9840,260,3,1400,1500,15,2020-Q2
United States,2972000,(X),300990,10,536170,626870,21,2020-Q2
Alabama,9000,19000,3700,19,1800,990,5,2020-Q3
Arizona,28000,30000,8000,27,2600,1800,6,2020-Q3
Arkansas,19000,22000,1700,8,1500,390,2,2020-Q3
California,640000,700000,69000,10,61000,108000,15,2020-Q3
Colorado,29000,29000,7000,24,3800,5500,19,2020-Q3
Connecticut,4700,4700,300,6,130,150,3,2020-Q3
Florida,220000,230000,29000,13,36000,31000,13,2020-Q3
Georgia,150000,163000,23000,14,22000,35000,21,2020-Q3
Hawaii,18500,18500,500,3,4000,3400,18,2020-Q3
Idaho,70000,85000,11000,13,18500,8500,10,2020-Q3
Illinois,14000,14000,1400,10,770,690,5,2020-Q3
Indiana,15000,15000,1600,11,1200,2700,18,2020-Q3
Iowa,34000,38000,1800,5,1100,2900,8,2020-Q3
Kansas,7000,7000,910,13,600,730,10,2020-Q3
Kentucky,11500,12000,1400,12,800,510,4,2020-Q3
Louisiana,48000,48000,2600,5,1200,3100,6,2020-Q3
Maine,9500,10000,1500,15,700,820,8,2020-Q3
Maryland,7500,7500,690,9,1200,220,3,2020-Q3
Massachusetts,11000,11000,330,3,840,810,7,2020-Q3
Michigan,96000,106000,34000,32,37000,11000,10,2020-Q3
Minnesota,114000,119000,10500,9,1800,3700,3,2020-Q3
Mississippi,26000,29000,1600,6,2500,130,(Z),2020-Q3
Missouri,8000,8000,730,9,290,820,10,2020-Q3
Montana,138000,139000,8500,6,6500,28000,20,2020-Q3
Nebraska,47000,48000,4300,9,3000,3100,6,2020-Q3
New Jersey,17500,18500,2300,12,1500,1800,10,2020-Q3
New Mexico,5500,5500,1600,29,3300,760,14,2020-Q3
New York,61000,61000,3600,6,5500,1600,3,2020-Q3
North Carolina,26000,27000,4600,17,950,5500,20,2020-Q3
North Dakota,455000,495000,53000,11,57000,33000,7,2020-Q3
Ohio,22000,22000,1900,9,730,2100,10,2020-Q3
Oklahoma,7000,8000,1100,14,150,930,12,2020-Q3
Oregon,102000,124000,12000,10,13000,28000,23,2020-Q3
Pennsylvania,27000,27000,2200,8,2500,1200,4,2020-Q3
South Carolina,12000,13500,1800,13,1200,2200,16,2020-Q3
South Dakota,230000,235000,66000,28,30000,12500,5,2020-Q3
Tennessee,15000,15000,2200,15,460,860,6,2020-Q3
Texas,167000,173000,9500,5,9000,7500,4,2020-Q3
Utah,24000,30000,2000,7,1500,2300,8,2020-Q3
Vermont,7500,7500,210,3,700,180,2,2020-Q3
Virginia,8500,8500,1200,14,910,730,9,2020-Q3
Washington,94000,104000,7000,7,5000,8500,8,2020-Q3
West Virginia,8000,8000,540,7,210,800,10,2020-Q3
Wisconsin,68000,68000,8000,12,970,9000,13,2020-Q3
Wyoming,33000,34000,3600,11,640,7500,22,2020-Q3
Other,10630,11630,2080,18,2230,700,6,2020-Q3
United States,3175330,(X),411490,13,348280,381620,12,2020-Q3
Alabama,17000,17000,1100,6,750,60,(Z),2020-Q4
Arizona,25000,27000,4000,15,5500,600,2,2020-Q4
Arkansas,22000,23000,2100,9,380,780,3,2020-Q4
California,700000,1400000,164000,12,120000,58000,4,2020-Q4
Colorado,19000,19000,5000,26,930,20,(Z),2020-Q4
Connecticut,4300,4600,500,11,20,20,(Z),2020-Q4
Florida,240000,290000,29000,10,50000,17500,6,2020-Q4
Georgia,165000,174000,30000,17,11000,11000,6,2020-Q4
Hawaii,22000,22000,2700,12,200,370,2,2020-Q4
Idaho,94000,180000,19000,11,8000,1700,1,2020-Q4
Illinois,13000,13000,1700,13,330,410,3,2020-Q4
Indiana,10000,11000,930,8,240,260,2,2020-Q4
Iowa,38000,38000,4800,13,700,850,2,2020-Q4
Kansas,6000,7000,2400,34,460,170,2,2020-Q4
Kentucky,11500,11500,1100,10,380,520,5,2020-Q4
Louisiana,46000,52000,1700,3,30,620,1,2020-Q4
Maine,9000,9000,100,1,180,250,3,2020-Q4
Maryland,6000,8000,980,12,60,460,6,2020-Q4
Massachusetts,10000,10000,390,4,270,90,1,2020-Q4
Michigan,97000,101000,10500,10,2400,1600,2,2020-Q4
Minnesota,99000,105000,9500,9,1200,340,(Z),2020-Q4
Mississippi,30000,37000,3800,10,300,30,(Z),2020-Q4
Missouri,6500,7000,750,11,20,110,2,2020-Q4
Montana,81000,92000,14000,15,3500,290,(Z),2020-Q4
Nebraska,43000,43000,7000,16,280,2500,6,2020-Q4
New Jersey,18000,18000,310,2,2000,480,3,2020-Q4
New Mexico,2400,3600,190,5,80,50,1,2020-Q4
New York,52000,52000,4100,8,2400,5000,10,2020-Q4
North Carolina,16500,22000,2500,11,200,9000,41,2020-Q4
North Dakota,445000,445000,45000,10,12500,0,0,2020-Q4
Ohio,21000,21000,1600,8,10,490,2,2020-Q4
Oklahoma,7000,28000,300,1,250,0,0,2020-Q4
Oregon,122000,123000,15500,13,7000,2600,2,2020-Q4
Pennsylvania,23000,25000,1900,8,580,440,2,2020-Q4
South Carolina,11500,18500,2600,14,270,210,1,2020-Q4
South Dakota,197000,197000,16000,8,1000,150,(Z),2020-Q4
Tennessee,13500,13500,680,5,20,640,5,2020-Q4
Texas,144000,255000,43000,17,27000,1700,1,2020-Q4
Utah,29000,29000,3800,13,1800,50,(Z),2020-Q4
Vermont,8000,8000,270,3,30,0,0,2020-Q4
Virginia,8000,8500,1000,12,70,450,5,2020-Q4
Washington,102000,103000,16500,16,6000,2000,2,2020-Q4
West Virginia,7500,7500,550,7,120,800,11,2020-Q4
Wisconsin,60000,60000,8000,13,2800,4700,8,2020-Q4
Wyoming,23000,25000,1600,6,160,380,2,2020-Q4
Other,10640,10740,2470,23,80,1300,12,2020-Q4
United States,3135340,(X),484920,15,271500,128990,4,2020-Q4
Alabama,10000,10000,1200,12,670,200,2,2021-Q1
Arizona,29000,29000,7000,24,3500,180,1,2021-Q1
Arkansas,21000,21000,2200,10,790,130,1,2021-Q1
California,1240000,1550000,193000,12,76000,84000,5,2021-Q1
Colorado,3000,16500,640,4,850,30,(Z),2021-Q1
Connecticut,4200,4200,780,19,350,50,1,2021-Q1
Florida,300000,305000,31000,10,42000,17000,6,2021-Q1
Georgia,120000,120000,20000,17,34000,14500,12,2021-Q1
Hawaii,19500,19500,900,5,2400,1600,8,2021-Q1
Idaho,168000,171000,15000,9,9000,8500,5,2021-Q1
Illinois,9500,12500,3000,24,3300,200,2,2021-Q1
Indiana,10000,11000,2700,25,3500,20,(Z),2021-Q1
Iowa,15000,25000,2100,8,3100,30,(Z),2021-Q1
Kansas,5000,6500,1400,22,2300,10,(Z),2021-Q1
Kentucky,9500,9500,2100,22,2500,80,1,2021-Q1
Louisiana,51000,53000,7500,14,1100,3000,6,2021-Q1
Maine,2900,2900,300,10,60,80,3,2021-Q1
Maryland,7000,7000,1200,17,590,240,3,2021-Q1
Massachusetts,5000,5000,1000,20,30,90,2,2021-Q1
Michigan,78000,78000,1500,2,320,4100,5,2021-Q1
Minnesota,41000,68000,3200,5,2900,140,(Z),2021-Q1
Mississippi,33000,36000,5500,15,14500,3800,11,2021-Q1
Missouri,5500,5500,1500,27,780,40,1,2021-Q1
Montana,40000,51000,310,1,0,20,(Z),2021-Q1
Nebraska,11000,17500,640,4,1300,0,0,2021-Q1
New Jersey,14000,14000,360,3,610,80,1,2021-Q1
New Mexico,3500,3500,230,7,2200,0,0,2021-Q1
New York,30000,30000,4900,16,3400,380,1,2021-Q1
North Carolina,18000,21000,2100,10,2700,110,1,2021-Q1
North Dakota,51000,65000,180,(Z),2700,0,0,2021-Q1
Ohio,17500,17500,4000,23,120,20,(Z),2021-Q1
Oklahoma,28000,28000,2600,9,4100,360,1,2021-Q1
Oregon,76000,79000,3100,4,2600,610,1,2021-Q1
Pennsylvania,20000,21000,5500,26,4100,40,(Z),2021-Q1
South Carolina,15500,18500,1200,6,930,190,1,2021-Q1
South Dakota,28000,34000,450,1,0,0,0,2021-Q1
Tennessee,12000,13000,2200,17,960,310,2,2021-Q1
Texas,240000,345000,23000,7,56000,13000,4,2021-Q1
Utah,17500,18500,2500,14,4000,0,0,2021-Q1
Vermont,7500,7500,1300,17,670,70,1,2021-Q1
Virginia,7000,7000,1400,20,2300,50,1,2021-Q1
Washington,48000,67000,6000,9,5500,850,1,2021-Q1
West Virginia,7000,7500,1200,16,1700,720,10,2021-Q1
Wisconsin,25000,37000,2500,7,7000,170,(Z),2021-Q1
Wyoming,13000,14500,1700,12,500,1200,8,2021-Q1
Other,6640,6640,540,8,600,70,1,2021-Q1
United States,2923240,(X),372630,13,308530,156270,5,2021-Q1
Alabama,9500,9500,2700,28,2800,930,10,2021-Q2
Arizona,26000,26000,4200,16,8500,7500,29,2021-Q2
Arkansas,12000,12000,1600,13,9000,6000,50,2021-Q2
California,1050000,1060000,64000,6,200000,180000,17,2021-Q2
Colorado,17000,22000,5500,25,4800,1100,5,2021-Q2
Connecticut,3800,4000,60,2,960,400,10,2021-Q2
Florida,300000,300000,33000,11,52000,31000,10,2021-Q2
Georgia,135000,136000,20000,15,25000,18500,14,2021-Q2
Hawaii,21000,21000,630,3,460,1200,6,2021-Q2
Idaho,86000,120000,19500,16,40000,19000,16,2021-Q2
Illinois,13000,13000,1100,8,3700,2100,16,2021-Q2
Indiana,12000,12500,560,4,4000,1000,8,2021-Q2
Iowa,26000,27000,2200,8,10500,3900,14,2021-Q2
Kansas,7500,8000,870,11,4900,1600,20,2021-Q2
Kentucky,10000,11500,270,2,2100,4500,39,2021-Q2
Louisiana,29000,30000,2300,8,8000,2000,7,2021-Q2
Maine,2000,18000,1100,6,430,260,1,2021-Q2
Maryland,6500,7500,320,4,2600,690,9,2021-Q2
Massachusetts,4000,10000,810,8,1400,310,3,2021-Q2
Michigan,75000,97000,3500,4,10000,8000,8,2021-Q2
Minnesota,69000,98000,5500,6,28000,4000,4,2021-Q2
Mississippi,34000,35000,4800,14,9000,8000,23,2021-Q2
Missouri,4800,4800,670,14,2000,670,14,2021-Q2
Montana,38000,116000,3100,3,13500,15500,13,2021-Q2
Nebraska,18500,37000,1800,5,8500,810,2,2021-Q2
New Jersey,14500,19500,410,2,1400,140,1,2021-Q2
New Mexico,5500,5500,540,10,80,2300,42,2021-Q2
New York,29000,50000,3000,6,14500,4100,8,2021-Q2
North Carolina,22000,23000,1700,7,6000,3300,14,2021-Q2
North Dakota,42000,395000,4400,1,4800,3500,1,2021-Q2
Ohio,13000,13500,820,6,6500,2400,18,2021-Q2
Oklahoma,17000,17000,3600,21,4200,190,1,2021-Q2
Oregon,80000,84000,3300,4,25000,19500,23,2021-Q2
Pennsylvania,20000,23000,2100,9,7000,2800,12,2021-Q2
South Carolina,18500,19500,1800,9,4100,5000,26,2021-Q2
South Dakota,16500,198000,6500,3,39000,19000,10,2021-Q2
Tennessee,12000,12000,720,6,4800,3400,28,2021-Q2
Texas,385000,425000,34000,8,65000,72000,17,2021-Q2
Utah,20000,31000,3500,11,8500,3900,13,2021-Q2
Vermont,7000,7000,40,1,770,570,8,2021-Q2
Virginia,8000,8500,530,6,3100,820,10,2021-Q2
Washington,66000,122000,2900,2,9500,2600,2,2021-Q2
West Virginia,8000,9000,170,2,1900,390,4,2021-Q2
Wisconsin,42000,57000,2200,4,9000,7500,13,2021-Q2
Wyoming,13500,30000,3400,11,7500,4900,16,2021-Q2
Other,5970,8410,140,2,2890,3100,37,2021-Q2
United States,2855070,(X),255860,9,677690,480380,17,2021-Q2